red,green,blue,red_shift,green_shift,blue_shift
0.0,0.0,0.0,0,0,0
36.57142857142857,36.57142857142857,36.57142857142857,0,0,0
73.14285714285714,73.14285714285714,73.14285714285714,0,0,0
109.71428571428571,109.71428571428571,109.71428571428571,0,0,0
146.28571428571428,146.28571428571428,146.28571428571428,0,0,0
182.85714285714283,182.85714285714283,182.85714285714283,0,0,0
219.42857142857142,219.42857142857142,219.42857142857142,0,0,0
256.0,256.0,256.0,0,0,0
