red,green,blue,red_shift,green_shift,blue_shift
0.0,0.0,0.0,0,0,0
85.33333333333333,85.33333333333333,85.33333333333333,0,0,0
170.66666666666666,170.66666666666666,170.66666666666666,0,0,0
256.0,256.0,256.0,0,0,0
